,rg_1,,rg_2,,rg_3
pic_1,1.1,,1.1,,1.1
pic_2,2.1,,6,,6
pic_3,1.1,,2.1,,4
stdev,0.471404521,,2.113974666,,2.011632836
